[
  {
    "id": "c2905478-5534-448a-8e76-ff87455ea58a",
    "data": [
      {
        "text": "techyon",
        "userDefined": false
      }
    ],
    "isTemplate": false,
    "count": 0,
    "updated": 0
  },
  {
    "id": "25eb2555-2f82-4fb3-8c22-f0a73d3d8e71",
    "data": [
      {
        "text": "tell me more about techyon",
        "userDefined": false
      }
    ],
    "isTemplate": false,
    "count": 0,
    "updated": 0
  },
  {
    "id": "a7099ed0-d50b-4f7a-96db-69c25bdecb49",
    "data": [
      {
        "text": "what is techyon",
        "userDefined": false
      }
    ],
    "isTemplate": false,
    "count": 0,
    "updated": 0
  },
  {
    "id": "d14b35b7-553a-4ffd-b7ce-0dce0c6672fd",
    "data": [
      {
        "text": "about techyon",
        "userDefined": false
      }
    ],
    "isTemplate": false,
    "count": 0,
    "updated": 0
  }
]